rule_type,column,issue_found,affected_rows,timestamp
null_check,transaction_id,False,0,2025-06-23 20:05:25
null_check,date,False,0,2025-06-23 20:05:25
null_check,week,False,0,2025-06-23 20:05:25
null_check,month,False,0,2025-06-23 20:05:25
null_check,year,False,0,2025-06-23 20:05:25
null_check,store_id,False,0,2025-06-23 20:05:25
null_check,region,False,0,2025-06-23 20:05:25
null_check,store_manager,False,0,2025-06-23 20:05:25
null_check,product_id,False,0,2025-06-23 20:05:25
null_check,product_name,False,0,2025-06-23 20:05:25
null_check,category,False,0,2025-06-23 20:05:25
null_check,unit_cost,False,0,2025-06-23 20:05:25
null_check,units_sold,False,0,2025-06-23 20:05:25
null_check,revenue,False,0,2025-06-23 20:05:25
duplicate_check,transaction_id,False,0,2025-06-23 20:05:25
outlier_check,revenue,False,0,2025-06-23 20:05:25
outlier_check,unit_cost,False,0,2025-06-23 20:05:25
